{"cameraMode":{"drawMode":0,"name":"Shaded","section":"Shading Mode"},"sceneLighting":true,"audioPlay":false,"sceneViewState":{"showFog":true,"showMaterialUpdate":false,"showSkybox":true,"showFlares":true,"showImageEffects":true,"showParticleSystems":true},"in2DMode":false,"pivot":{"x":568.666259765625,"y":302.15118408203127,"z":124.42254638671875},"rotation":{"x":0.062344569712877277,"y":0.17013265192508698,"z":-0.010768689215183258,"w":0.9833880662918091},"size":990.2376708984375,"orthographic":false}