{"cameraMode":{"drawMode":0,"name":"Shaded","section":"Shading Mode"},"sceneLighting":false,"audioPlay":false,"sceneViewState":{"showFog":true,"showMaterialUpdate":false,"showSkybox":true,"showFlares":true,"showImageEffects":true,"showParticleSystems":true},"in2DMode":false,"pivot":{"x":-0.00006103515625,"y":1452.6710205078125,"z":-0.0001220703125},"rotation":{"x":0.144740030169487,"y":-0.25340592861175539,"z":0.0383911170065403,"w":0.9556996822357178},"size":11786.8232421875,"orthographic":false}