{"cameraMode":{"drawMode":0,"name":"Shaded","section":"Shading Mode"},"sceneLighting":true,"audioPlay":false,"sceneViewState":{"showFog":true,"showMaterialUpdate":false,"showSkybox":true,"showFlares":true,"showImageEffects":true,"showParticleSystems":true},"in2DMode":false,"pivot":{"x":401.7365417480469,"y":325.6758117675781,"z":41.24658203125},"rotation":{"x":0.052665334194898608,"y":0.06766427308320999,"z":-0.00355963921174407,"w":0.996310830116272},"size":929.2100830078125,"orthographic":false}