{"cameraMode":{"drawMode":0,"name":"Shaded","section":"Shading Mode"},"sceneLighting":false,"audioPlay":false,"sceneViewState":{"showFog":true,"showMaterialUpdate":false,"showSkybox":true,"showFlares":true,"showImageEffects":true,"showParticleSystems":true},"in2DMode":false,"pivot":{"x":-0.00005447119474411011,"y":0.25937825441360476,"z":0.03538607060909271},"rotation":{"x":0.08148784190416336,"y":0.7847588658332825,"z":-0.10563280433416367,"w":0.605272650718689},"size":0.7911314368247986,"orthographic":false}