{"cameraMode":{"drawMode":0,"name":"Shaded","section":"Shading Mode"},"sceneLighting":false,"audioPlay":false,"sceneViewState":{"showFog":true,"showMaterialUpdate":false,"showSkybox":true,"showFlares":true,"showImageEffects":true,"showParticleSystems":true},"in2DMode":false,"pivot":{"x":-0.00006103515625,"y":1452.6710205078125,"z":-0.0001220703125},"rotation":{"x":0.1717846840620041,"y":-0.1351720094680786,"z":0.0238211527466774,"w":0.9755260944366455},"size":11786.8232421875,"orthographic":false}